{
  "config_general": {
    "lighteval_sha": "?",
    "num_fewshot_seeds": 1,
    "max_samples": null,
    "job_id": "0",
    "start_time": 503264.378946708,
    "end_time": 505149.382690541,
    "total_evaluation_time_secondes": "1885.0037438329891",
    "model_config": {
      "model_name": "openrouter/minimax/minimax-m2:free",
      "generation_parameters": {
        "num_blocks": null,
        "block_size": null,
        "early_stopping": null,
        "repetition_penalty": null,
        "frequency_penalty": null,
        "length_penalty": null,
        "presence_penalty": null,
        "max_new_tokens": null,
        "min_new_tokens": null,
        "seed": null,
        "stop_tokens": null,
        "temperature": 0,
        "top_k": null,
        "min_p": null,
        "top_p": null,
        "truncate_prompt": null,
        "cache_implementation": null,
        "response_format": null
      },
      "system_prompt": null,
      "cache_dir": "~/.cache/huggingface/lighteval",
      "provider": "openrouter",
      "base_url": null,
      "api_key": null,
      "concurrent_requests": 50
    },
    "model_name": "openrouter/minimax/minimax-m2:free"
  },
  "results": {
    "community|gpqa-diamond-idk|0": {
      "trad_score": 0.6818181818181818,
      "trad_score_stderr": 0.033184773338453315,
      "idk_score": 0.3939393939393939,
      "idk_score_stderr": 0.06430056025206235,
      "idk_freq": 0.030303030303030304,
      "idk_freq_stderr": 0.012213156893572837,
      "extract_fail": 0.03535353535353535,
      "extract_fail_stderr": 0.013157318878046068
    },
    "community|lexam-en-idk|0": {
      "trad_score": 0.531502423263328,
      "trad_score_stderr": 0.02007298968193572,
      "idk_score": 0.21163166397415187,
      "idk_score_stderr": 0.036126916279474154,
      "idk_freq": 0.14862681744749595,
      "idk_freq_stderr": 0.014309166420923728,
      "extract_fail": 0.022617124394184167,
      "extract_fail_stderr": 0.005980766107576117
    },
    "all": {
      "trad_score": 0.6066603025407549,
      "trad_score_stderr": 0.02662888151019452,
      "idk_score": 0.3027855289567729,
      "idk_score_stderr": 0.05021373826576825,
      "idk_freq": 0.08946492387526313,
      "idk_freq_stderr": 0.013261161657248282,
      "extract_fail": 0.02898532987385976,
      "extract_fail_stderr": 0.009569042492811092
    }
  },
  "versions": {},
  "config_tasks": {
    "community|gpqa-diamond-idk|0": {
      "name": "gpqa-diamond-idk",
      "prompt_function": "gpqa_diamond_idk_prompt",
      "hf_repo": "Idavidrein/gpqa",
      "hf_subset": "gpqa_diamond",
      "metrics": [
        {
          "metric_name": [
            "trad_score",
            "idk_score",
            "idk_freq",
            "extract_fail"
          ],
          "higher_is_better": {
            "trad_score": true,
            "idk_score": true,
            "idk_freq": false,
            "extract_fail": false
          },
          "category": "GENERATIVE",
          "sample_level_fn": "ExtractiveLetterIdkGrouped(language=Language.ENGLISH, gold_extraction_target=[IndicesExtractionConfig(prefix_for_extraction='NativeLetters', try_extract_without_anchor=False)], pred_extraction_target=[IndicesExtractionConfig(prefix_for_extraction='NativeLetters', try_extract_without_anchor=False)], aggregation_function=max, fallback_mode=first_match, extraction_mode=any_match, precision=6, timeout_seconds=5)",
          "corpus_level_fn": {
            "trad_score": "mean",
            "idk_score": "mean",
            "idk_freq": "mean",
            "extract_fail": "mean"
          },
          "batched_compute": false
        }
      ],
      "hf_revision": null,
      "hf_filter": null,
      "hf_avail_splits": [
        "train"
      ],
      "evaluation_splits": [
        "train"
      ],
      "few_shots_split": null,
      "few_shots_select": null,
      "generation_size": 32768,
      "generation_grammar": null,
      "stop_sequence": [
        "\n",
        "\n\n"
      ],
      "num_samples": null,
      "suite": [
        "community"
      ],
      "original_num_docs": -1,
      "effective_num_docs": -1,
      "must_remove_duplicate_docs": false,
      "num_fewshots": 0,
      "version": 0
    },
    "community|lexam-en-idk|0": {
      "name": "lexam-en-idk",
      "prompt_function": "lexam_idk_prompt",
      "hf_repo": "LEXam-Benchmark/LEXam",
      "hf_subset": "mcq_4_choices",
      "metrics": [
        {
          "metric_name": [
            "trad_score",
            "idk_score",
            "idk_freq",
            "extract_fail"
          ],
          "higher_is_better": {
            "trad_score": true,
            "idk_score": true,
            "idk_freq": false,
            "extract_fail": false
          },
          "category": "GENERATIVE",
          "sample_level_fn": "ExtractiveLetterIdkGrouped(language=Language.ENGLISH, gold_extraction_target=[IndicesExtractionConfig(prefix_for_extraction='NativeLetters', try_extract_without_anchor=False)], pred_extraction_target=[IndicesExtractionConfig(prefix_for_extraction='NativeLetters', try_extract_without_anchor=False)], aggregation_function=max, fallback_mode=first_match, extraction_mode=any_match, precision=6, timeout_seconds=5)",
          "corpus_level_fn": {
            "trad_score": "mean",
            "idk_score": "mean",
            "idk_freq": "mean",
            "extract_fail": "mean"
          },
          "batched_compute": false
        }
      ],
      "hf_revision": null,
      "hf_filter": "<lambda>",
      "hf_avail_splits": [
        "test"
      ],
      "evaluation_splits": [
        "test"
      ],
      "few_shots_split": null,
      "few_shots_select": null,
      "generation_size": 32768,
      "generation_grammar": null,
      "stop_sequence": [
        "\n",
        "\n\n"
      ],
      "num_samples": null,
      "suite": [
        "community"
      ],
      "original_num_docs": -1,
      "effective_num_docs": -1,
      "must_remove_duplicate_docs": false,
      "num_fewshots": 0,
      "version": 0
    }
  },
  "summary_tasks": {
    "community|gpqa-diamond-idk|0": {
      "hashes": {
        "hash_examples": "c930cf9c2258b3a9",
        "hash_full_prompts": "ef46db3751d8e999",
        "hash_input_tokens": "42cba4b3cd185311",
        "hash_cont_tokens": "42cba4b3cd185311"
      },
      "truncated": 0,
      "non_truncated": 0,
      "padded": 0,
      "non_padded": 0
    },
    "community|lexam-en-idk|0": {
      "hashes": {
        "hash_examples": "17ad01dbbbc07d6a",
        "hash_full_prompts": "ef46db3751d8e999",
        "hash_input_tokens": "6568f9b97f67c8b0",
        "hash_cont_tokens": "6568f9b97f67c8b0"
      },
      "truncated": 0,
      "non_truncated": 0,
      "padded": 0,
      "non_padded": 0
    }
  },
  "summary_general": {
    "hashes": {
      "hash_examples": "cba946772a0935b2",
      "hash_full_prompts": "86aad2f7ee3a0869",
      "hash_input_tokens": "63391c84d4d235c9",
      "hash_cont_tokens": "63391c84d4d235c9"
    },
    "truncated": 0,
    "non_truncated": 0,
    "padded": 0,
    "non_padded": 0
  }
}